DateKey,TheDate,Day,Month,Year
1,2016-03-09,9,March,2016
2,2016-03-10,10,March,2016
3,2016-03-11,11,March,2016
4,2016-03-12,12,March,2016
5,2016-03-13,13,March,2016
6,2016-03-14,14,March,2016
7,2016-03-15,15,March,2016
8,2016-03-16,16,March,2016
9,2016-03-17,17,March,2016
10,2016-03-18,18,March,2016
11,2016-03-19,19,March,2016
12,2016-03-20,20,March,2016
13,2016-03-21,21,March,2016
14,2016-03-22,22,March,2016
15,2016-03-23,23,March,2016
16,2016-03-24,24,March,2016
17,2016-03-25,25,March,2016
18,2016-03-26,26,March,2016
19,2016-03-27,27,March,2016
20,2016-03-28,28,March,2016
21,2016-03-29,29,March,2016
22,2016-03-30,30,March,2016
23,2016-03-31,31,March,2016
24,2016-04-01,1,April,2016
25,2016-04-02,2,April,2016
26,2016-04-03,3,April,2016
27,2016-04-04,4,April,2016
28,2016-04-05,5,April,2016
29,2016-04-06,6,April,2016
30,2016-04-07,7,April,2016
31,2016-04-08,8,April,2016
32,2016-04-09,9,April,2016
33,2016-04-10,10,April,2016
34,2016-04-11,11,April,2016
35,2016-04-12,12,April,2016
36,2016-04-13,13,April,2016
37,2016-04-14,14,April,2016
38,2016-04-15,15,April,2016
39,2016-04-16,16,April,2016
40,2016-04-17,17,April,2016
41,2016-04-18,18,April,2016
42,2016-04-19,19,April,2016
43,2016-04-20,20,April,2016
44,2016-04-21,21,April,2016
45,2016-04-22,22,April,2016
46,2016-04-23,23,April,2016
47,2016-04-24,24,April,2016
48,2016-04-25,25,April,2016
49,2016-04-26,26,April,2016
50,2016-04-27,27,April,2016
51,2016-04-28,28,April,2016
52,2016-04-29,29,April,2016
53,2016-04-30,30,April,2016
54,2016-05-01,1,May,2016
55,2016-05-02,2,May,2016
56,2016-05-03,3,May,2016
57,2016-05-04,4,May,2016
58,2016-05-05,5,May,2016
59,2016-05-06,6,May,2016
60,2016-05-07,7,May,2016
61,2016-05-08,8,May,2016
62,2016-05-09,9,May,2016
63,2016-05-10,10,May,2016
64,2016-05-11,11,May,2016
65,2016-05-12,12,May,2016
66,2016-05-13,13,May,2016
67,2016-05-14,14,May,2016
68,2016-05-15,15,May,2016
69,2016-05-16,16,May,2016
70,2016-05-17,17,May,2016
71,2016-05-18,18,May,2016
72,2016-05-19,19,May,2016
73,2016-05-20,20,May,2016
74,2016-05-21,21,May,2016
75,2016-05-22,22,May,2016
76,2016-05-23,23,May,2016
77,2016-05-24,24,May,2016
78,2016-05-25,25,May,2016
79,2016-05-26,26,May,2016
80,2016-05-27,27,May,2016
81,2016-05-28,28,May,2016
82,2016-05-29,29,May,2016
83,2016-05-30,30,May,2016
84,2016-05-31,31,May,2016
85,2016-06-01,1,June,2016
86,2016-06-02,2,June,2016
87,2016-06-03,3,June,2016
88,2016-06-04,4,June,2016
89,2016-06-05,5,June,2016
90,2016-06-06,6,June,2016
91,2016-06-07,7,June,2016
92,2016-06-08,8,June,2016
93,2016-06-09,9,June,2016
94,2016-06-10,10,June,2016
95,2016-06-11,11,June,2016
96,2016-06-12,12,June,2016
97,2016-06-13,13,June,2016
98,2016-06-14,14,June,2016
99,2016-06-15,15,June,2016
100,2016-06-16,16,June,2016
101,2016-06-17,17,June,2016
102,2016-06-18,18,June,2016
103,2016-06-19,19,June,2016
104,2016-06-20,20,June,2016
105,2016-06-21,21,June,2016
106,2016-06-22,22,June,2016
107,2016-06-23,23,June,2016
108,2016-06-24,24,June,2016
109,2016-06-25,25,June,2016
110,2016-06-26,26,June,2016
111,2016-06-27,27,June,2016
112,2016-06-28,28,June,2016
113,2016-06-29,29,June,2016
114,2016-06-30,30,June,2016
115,2016-07-01,1,July,2016
116,2016-07-02,2,July,2016
117,2016-07-03,3,July,2016
118,2016-07-04,4,July,2016
119,2016-07-05,5,July,2016
120,2016-07-06,6,July,2016
121,2016-07-07,7,July,2016
122,2016-07-08,8,July,2016
123,2016-07-09,9,July,2016
124,2016-07-10,10,July,2016
125,2016-07-11,11,July,2016
126,2016-07-12,12,July,2016
127,2016-07-13,13,July,2016
128,2016-07-14,14,July,2016
129,2016-07-15,15,July,2016
130,2016-07-16,16,July,2016
131,2016-07-17,17,July,2016
132,2016-07-18,18,July,2016
133,2016-07-19,19,July,2016
134,2016-07-20,20,July,2016
135,2016-07-21,21,July,2016
136,2016-07-22,22,July,2016
137,2016-07-23,23,July,2016
138,2016-07-24,24,July,2016
139,2016-07-25,25,July,2016
140,2016-07-26,26,July,2016
141,2016-07-27,27,July,2016
142,2016-07-28,28,July,2016
143,2016-07-29,29,July,2016
144,2016-07-30,30,July,2016
145,2016-07-31,31,July,2016
146,2016-08-01,1,August,2016
147,2016-08-02,2,August,2016
148,2016-08-03,3,August,2016
149,2016-08-04,4,August,2016
150,2016-08-05,5,August,2016
151,2016-08-06,6,August,2016
152,2016-08-07,7,August,2016
153,2016-08-08,8,August,2016
154,2016-08-09,9,August,2016
155,2016-08-10,10,August,2016
156,2016-08-11,11,August,2016
157,2016-08-12,12,August,2016
158,2016-08-13,13,August,2016
159,2016-08-14,14,August,2016
160,2016-08-15,15,August,2016
161,2016-08-16,16,August,2016
162,2016-08-17,17,August,2016
163,2016-08-18,18,August,2016
164,2016-08-19,19,August,2016
165,2016-08-20,20,August,2016
166,2016-08-21,21,August,2016
167,2016-08-22,22,August,2016
168,2016-08-23,23,August,2016
169,2016-08-24,24,August,2016
170,2016-08-25,25,August,2016
171,2016-08-26,26,August,2016
172,2016-08-27,27,August,2016
173,2016-08-28,28,August,2016
174,2016-08-29,29,August,2016
175,2016-08-30,30,August,2016
176,2016-08-31,31,August,2016
177,2016-09-01,1,September,2016
178,2016-09-02,2,September,2016
179,2016-09-03,3,September,2016
180,2016-09-04,4,September,2016
181,2016-09-05,5,September,2016
182,2016-09-06,6,September,2016
183,2016-09-07,7,September,2016
184,2016-09-08,8,September,2016
185,2016-09-09,9,September,2016
186,2016-09-10,10,September,2016
187,2016-09-11,11,September,2016
188,2016-09-12,12,September,2016
189,2016-09-13,13,September,2016
190,2016-09-14,14,September,2016
191,2016-09-15,15,September,2016
192,2016-09-16,16,September,2016
193,2016-09-17,17,September,2016
194,2016-09-18,18,September,2016
195,2016-09-19,19,September,2016
196,2016-09-20,20,September,2016
197,2016-09-21,21,September,2016
198,2016-09-22,22,September,2016
199,2016-09-23,23,September,2016
200,2016-09-24,24,September,2016
201,2016-09-25,25,September,2016
202,2016-09-26,26,September,2016
203,2016-09-27,27,September,2016
204,2016-09-28,28,September,2016
205,2016-09-29,29,September,2016
206,2016-09-30,30,September,2016
207,2016-10-01,1,October,2016
208,2016-10-02,2,October,2016
209,2016-10-03,3,October,2016
210,2016-10-04,4,October,2016
211,2016-10-05,5,October,2016
212,2016-10-06,6,October,2016
213,2016-10-07,7,October,2016
214,2016-10-08,8,October,2016
215,2016-10-09,9,October,2016
216,2016-10-10,10,October,2016
217,2016-10-11,11,October,2016
218,2016-10-12,12,October,2016
219,2016-10-13,13,October,2016
220,2016-10-14,14,October,2016
221,2016-10-15,15,October,2016
222,2016-10-16,16,October,2016
223,2016-10-17,17,October,2016
224,2016-10-18,18,October,2016
225,2016-10-19,19,October,2016
226,2016-10-20,20,October,2016
227,2016-10-21,21,October,2016
228,2016-10-22,22,October,2016
229,2016-10-23,23,October,2016
230,2016-10-24,24,October,2016
231,2016-10-25,25,October,2016
232,2016-10-26,26,October,2016
233,2016-10-27,27,October,2016
234,2016-10-28,28,October,2016
235,2016-10-29,29,October,2016
236,2016-10-30,30,October,2016
237,2016-10-31,31,October,2016
238,2016-11-01,1,November,2016
239,2016-11-02,2,November,2016
240,2016-11-03,3,November,2016
241,2016-11-04,4,November,2016
242,2016-11-05,5,November,2016
243,2016-11-06,6,November,2016
244,2016-11-07,7,November,2016
245,2016-11-08,8,November,2016
246,2016-11-09,9,November,2016
247,2016-11-10,10,November,2016
248,2016-11-11,11,November,2016
249,2016-11-12,12,November,2016
250,2016-11-13,13,November,2016
251,2016-11-14,14,November,2016
252,2016-11-15,15,November,2016
253,2016-11-16,16,November,2016
254,2016-11-17,17,November,2016
255,2016-11-18,18,November,2016
256,2016-11-19,19,November,2016
257,2016-11-20,20,November,2016
258,2016-11-21,21,November,2016
259,2016-11-22,22,November,2016
260,2016-11-23,23,November,2016
261,2016-11-24,24,November,2016
262,2016-11-25,25,November,2016
263,2016-11-26,26,November,2016
264,2016-11-27,27,November,2016
265,2016-11-28,28,November,2016
266,2016-11-29,29,November,2016
267,2016-11-30,30,November,2016
268,2016-12-01,1,December,2016
269,2016-12-02,2,December,2016
270,2016-12-03,3,December,2016
271,2016-12-04,4,December,2016
272,2016-12-05,5,December,2016
273,2016-12-06,6,December,2016
274,2016-12-07,7,December,2016
275,2016-12-08,8,December,2016
276,2016-12-09,9,December,2016
277,2016-12-10,10,December,2016
278,2016-12-11,11,December,2016
279,2016-12-12,12,December,2016
280,2016-12-13,13,December,2016
281,2016-12-14,14,December,2016
282,2016-12-15,15,December,2016
283,2016-12-16,16,December,2016
284,2016-12-17,17,December,2016
285,2016-12-18,18,December,2016
286,2016-12-19,19,December,2016
287,2016-12-20,20,December,2016
288,2016-12-21,21,December,2016
289,2016-12-22,22,December,2016
290,2016-12-23,23,December,2016
291,2016-12-24,24,December,2016
292,2016-12-25,25,December,2016
293,2016-12-26,26,December,2016
294,2016-12-27,27,December,2016
295,2016-12-28,28,December,2016
296,2016-12-29,29,December,2016
297,2016-12-30,30,December,2016
298,2016-12-31,31,December,2016
299,2017-01-01,1,January,2017
300,2017-01-02,2,January,2017
301,2017-01-03,3,January,2017
302,2017-01-04,4,January,2017
303,2017-01-05,5,January,2017
304,2017-01-06,6,January,2017
305,2017-01-07,7,January,2017
306,2017-01-08,8,January,2017
307,2017-01-09,9,January,2017
308,2017-01-10,10,January,2017
309,2017-01-11,11,January,2017
310,2017-01-12,12,January,2017
311,2017-01-13,13,January,2017
312,2017-01-14,14,January,2017
313,2017-01-15,15,January,2017
314,2017-01-16,16,January,2017
315,2017-01-17,17,January,2017
316,2017-01-18,18,January,2017
317,2017-01-19,19,January,2017
318,2017-01-20,20,January,2017
319,2017-01-21,21,January,2017
320,2017-01-22,22,January,2017
321,2017-01-23,23,January,2017
322,2017-01-24,24,January,2017
323,2017-01-25,25,January,2017
324,2017-01-26,26,January,2017
325,2017-01-27,27,January,2017
326,2017-01-28,28,January,2017
327,2017-01-29,29,January,2017
328,2017-01-30,30,January,2017
329,2017-01-31,31,January,2017
330,2017-02-01,1,February,2017
331,2017-02-02,2,February,2017
332,2017-02-03,3,February,2017
333,2017-02-04,4,February,2017
334,2017-02-05,5,February,2017
335,2017-02-06,6,February,2017
336,2017-02-07,7,February,2017
337,2017-02-08,8,February,2017
338,2017-02-09,9,February,2017
339,2017-02-10,10,February,2017
340,2017-02-11,11,February,2017
341,2017-02-12,12,February,2017
342,2017-02-13,13,February,2017
343,2017-02-14,14,February,2017
344,2017-02-15,15,February,2017
345,2017-02-16,16,February,2017
346,2017-02-17,17,February,2017
347,2017-02-18,18,February,2017
348,2017-02-19,19,February,2017
349,2017-02-20,20,February,2017
350,2017-02-21,21,February,2017
351,2017-02-22,22,February,2017
352,2017-02-23,23,February,2017
353,2017-02-24,24,February,2017
354,2017-02-25,25,February,2017
355,2017-02-26,26,February,2017
356,2017-02-27,27,February,2017
357,2017-02-28,28,February,2017
358,2017-03-01,1,March,2017
359,2017-03-02,2,March,2017
360,2017-03-03,3,March,2017
361,2017-03-04,4,March,2017
362,2017-03-05,5,March,2017
363,2017-03-06,6,March,2017
364,2017-03-07,7,March,2017
365,2017-03-08,8,March,2017
366,2017-03-09,9,March,2017
367,2017-03-10,10,March,2017
368,2017-03-11,11,March,2017
369,2017-03-12,12,March,2017
370,2017-03-13,13,March,2017
371,2017-03-14,14,March,2017
372,2017-03-15,15,March,2017
373,2017-03-16,16,March,2017
374,2017-03-17,17,March,2017
375,2017-03-18,18,March,2017
376,2017-03-19,19,March,2017
377,2017-03-20,20,March,2017
378,2017-03-21,21,March,2017
379,2017-03-22,22,March,2017
380,2017-03-23,23,March,2017
381,2017-03-24,24,March,2017
382,2017-03-25,25,March,2017
383,2017-03-26,26,March,2017
384,2017-03-27,27,March,2017
385,2017-03-28,28,March,2017
386,2017-03-29,29,March,2017
387,2017-03-30,30,March,2017
388,2017-03-31,31,March,2017
389,2017-04-01,1,April,2017
390,2017-04-02,2,April,2017
391,2017-04-03,3,April,2017
392,2017-04-04,4,April,2017
393,2017-04-05,5,April,2017
394,2017-04-06,6,April,2017
395,2017-04-07,7,April,2017
396,2017-04-08,8,April,2017
397,2017-04-09,9,April,2017
398,2017-04-10,10,April,2017
399,2017-04-11,11,April,2017
400,2017-04-12,12,April,2017
401,2017-04-13,13,April,2017
402,2017-04-14,14,April,2017
403,2017-04-15,15,April,2017
404,2017-04-16,16,April,2017
405,2017-04-17,17,April,2017
406,2017-04-18,18,April,2017
407,2017-04-19,19,April,2017
408,2017-04-20,20,April,2017
409,2017-04-21,21,April,2017
410,2017-04-22,22,April,2017
411,2017-04-23,23,April,2017
412,2017-04-24,24,April,2017
413,2017-04-25,25,April,2017
414,2017-04-26,26,April,2017
415,2017-04-27,27,April,2017
416,2017-04-28,28,April,2017
417,2017-04-29,29,April,2017
418,2017-04-30,30,April,2017
419,2017-05-01,1,May,2017
420,2017-05-02,2,May,2017
421,2017-05-03,3,May,2017
422,2017-05-04,4,May,2017
423,2017-05-05,5,May,2017
424,2017-05-06,6,May,2017
425,2017-05-07,7,May,2017
426,2017-05-08,8,May,2017
427,2017-05-09,9,May,2017
428,2017-05-10,10,May,2017
429,2017-05-11,11,May,2017
430,2017-05-12,12,May,2017
431,2017-05-13,13,May,2017
432,2017-05-14,14,May,2017
433,2017-05-15,15,May,2017
434,2017-05-16,16,May,2017
435,2017-05-17,17,May,2017
436,2017-05-18,18,May,2017
437,2017-05-19,19,May,2017
438,2017-05-20,20,May,2017
439,2017-05-21,21,May,2017
440,2017-05-22,22,May,2017
441,2017-05-23,23,May,2017
442,2017-05-24,24,May,2017
443,2017-05-25,25,May,2017
444,2017-05-26,26,May,2017
445,2017-05-27,27,May,2017
446,2017-05-28,28,May,2017
447,2017-05-29,29,May,2017
448,2017-05-30,30,May,2017
449,2017-05-31,31,May,2017
450,2017-06-01,1,June,2017
451,2017-06-02,2,June,2017
452,2017-06-03,3,June,2017
453,2017-06-04,4,June,2017
454,2017-06-05,5,June,2017
455,2017-06-06,6,June,2017
456,2017-06-07,7,June,2017
457,2017-06-08,8,June,2017
458,2017-06-09,9,June,2017
459,2017-06-10,10,June,2017
460,2017-06-11,11,June,2017
461,2017-06-12,12,June,2017
462,2017-06-13,13,June,2017
463,2017-06-14,14,June,2017
464,2017-06-15,15,June,2017
465,2017-06-16,16,June,2017
466,2017-06-17,17,June,2017
467,2017-06-18,18,June,2017
468,2017-06-19,19,June,2017
469,2017-06-20,20,June,2017
470,2017-06-21,21,June,2017
471,2017-06-22,22,June,2017
472,2017-06-23,23,June,2017
473,2017-06-24,24,June,2017
474,2017-06-25,25,June,2017
475,2017-06-26,26,June,2017
476,2017-06-27,27,June,2017
477,2017-06-28,28,June,2017
478,2017-06-29,29,June,2017
479,2017-06-30,30,June,2017
480,2017-07-01,1,July,2017
481,2017-07-02,2,July,2017
482,2017-07-03,3,July,2017
483,2017-07-04,4,July,2017
484,2017-07-05,5,July,2017
485,2017-07-06,6,July,2017
486,2017-07-07,7,July,2017
487,2017-07-08,8,July,2017
488,2017-07-09,9,July,2017
489,2017-07-10,10,July,2017
490,2017-07-11,11,July,2017
491,2017-07-12,12,July,2017
492,2017-07-13,13,July,2017
493,2017-07-14,14,July,2017
494,2017-07-15,15,July,2017
495,2017-07-16,16,July,2017
496,2017-07-17,17,July,2017
497,2017-07-18,18,July,2017
498,2017-07-19,19,July,2017
499,2017-07-20,20,July,2017
500,2017-07-21,21,July,2017
501,2017-07-22,22,July,2017
502,2017-07-23,23,July,2017
503,2017-07-24,24,July,2017
504,2017-07-25,25,July,2017
505,2017-07-26,26,July,2017
506,2017-07-27,27,July,2017
507,2017-07-28,28,July,2017
508,2017-07-29,29,July,2017
509,2017-07-30,30,July,2017
510,2017-07-31,31,July,2017
511,2017-08-01,1,August,2017
512,2017-08-02,2,August,2017
513,2017-08-03,3,August,2017
514,2017-08-04,4,August,2017
515,2017-08-05,5,August,2017
516,2017-08-06,6,August,2017
517,2017-08-07,7,August,2017
518,2017-08-08,8,August,2017
519,2017-08-09,9,August,2017
520,2017-08-10,10,August,2017
521,2017-08-11,11,August,2017
522,2017-08-12,12,August,2017
523,2017-08-13,13,August,2017
524,2017-08-14,14,August,2017
525,2017-08-15,15,August,2017
526,2017-08-16,16,August,2017
527,2017-08-17,17,August,2017
528,2017-08-18,18,August,2017
529,2017-08-19,19,August,2017
530,2017-08-20,20,August,2017
531,2017-08-21,21,August,2017
532,2017-08-22,22,August,2017
533,2017-08-23,23,August,2017
534,2017-08-24,24,August,2017
535,2017-08-25,25,August,2017
536,2017-08-26,26,August,2017
537,2017-08-27,27,August,2017
538,2017-08-28,28,August,2017
539,2017-08-29,29,August,2017
540,2017-08-30,30,August,2017
541,2017-08-31,31,August,2017
542,2017-09-01,1,September,2017
543,2017-09-02,2,September,2017
544,2017-09-03,3,September,2017
545,2017-09-04,4,September,2017
546,2017-09-05,5,September,2017
547,2017-09-06,6,September,2017
548,2017-09-07,7,September,2017
549,2017-09-08,8,September,2017
550,2017-09-09,9,September,2017
551,2017-09-10,10,September,2017
552,2017-09-11,11,September,2017
553,2017-09-12,12,September,2017
554,2017-09-13,13,September,2017
555,2017-09-14,14,September,2017
556,2017-09-15,15,September,2017
557,2017-09-16,16,September,2017
558,2017-09-17,17,September,2017
559,2017-09-18,18,September,2017
560,2017-09-19,19,September,2017
561,2017-09-20,20,September,2017
562,2017-09-21,21,September,2017
563,2017-09-22,22,September,2017
564,2017-09-23,23,September,2017
565,2017-09-24,24,September,2017
566,2017-09-25,25,September,2017
567,2017-09-26,26,September,2017
568,2017-09-27,27,September,2017
569,2017-09-28,28,September,2017
570,2017-09-29,29,September,2017
571,2017-09-30,30,September,2017
572,2017-10-01,1,October,2017
573,2017-10-02,2,October,2017
574,2017-10-03,3,October,2017
575,2017-10-04,4,October,2017
576,2017-10-05,5,October,2017
577,2017-10-06,6,October,2017
578,2017-10-07,7,October,2017
579,2017-10-08,8,October,2017
580,2017-10-09,9,October,2017
581,2017-10-10,10,October,2017
582,2017-10-11,11,October,2017
583,2017-10-12,12,October,2017
584,2017-10-13,13,October,2017
585,2017-10-14,14,October,2017
586,2017-10-15,15,October,2017
587,2017-10-16,16,October,2017
588,2017-10-17,17,October,2017
589,2017-10-18,18,October,2017
590,2017-10-19,19,October,2017
591,2017-10-20,20,October,2017
592,2017-10-21,21,October,2017
593,2017-10-22,22,October,2017
594,2017-10-23,23,October,2017
595,2017-10-24,24,October,2017
596,2017-10-25,25,October,2017
597,2017-10-26,26,October,2017
598,2017-10-27,27,October,2017
599,2017-10-28,28,October,2017
600,2017-10-29,29,October,2017
601,2017-10-30,30,October,2017
602,2017-10-31,31,October,2017
603,2017-11-01,1,November,2017
604,2017-11-02,2,November,2017
605,2017-11-03,3,November,2017
606,2017-11-04,4,November,2017
607,2017-11-05,5,November,2017
608,2017-11-06,6,November,2017
609,2017-11-07,7,November,2017
610,2017-11-08,8,November,2017
611,2017-11-09,9,November,2017
612,2017-11-10,10,November,2017
613,2017-11-11,11,November,2017
614,2017-11-12,12,November,2017
615,2017-11-13,13,November,2017
616,2017-11-14,14,November,2017
617,2017-11-15,15,November,2017
618,2017-11-16,16,November,2017
619,2017-11-17,17,November,2017
620,2017-11-18,18,November,2017
621,2017-11-19,19,November,2017
622,2017-11-20,20,November,2017
623,2017-11-21,21,November,2017
624,2017-11-22,22,November,2017
625,2017-11-23,23,November,2017
626,2017-11-24,24,November,2017
627,2017-11-25,25,November,2017
628,2017-11-26,26,November,2017
629,2017-11-27,27,November,2017
630,2017-11-28,28,November,2017
631,2017-11-29,29,November,2017
632,2017-11-30,30,November,2017
633,2017-12-01,1,December,2017
634,2017-12-02,2,December,2017
635,2017-12-03,3,December,2017
636,2017-12-04,4,December,2017
637,2017-12-05,5,December,2017
638,2017-12-06,6,December,2017
639,2017-12-07,7,December,2017
640,2017-12-08,8,December,2017
641,2017-12-09,9,December,2017
642,2017-12-10,10,December,2017
643,2017-12-11,11,December,2017
644,2017-12-12,12,December,2017
645,2017-12-13,13,December,2017
646,2017-12-14,14,December,2017
647,2017-12-15,15,December,2017
648,2017-12-16,16,December,2017
649,2017-12-17,17,December,2017
650,2017-12-18,18,December,2017
651,2017-12-19,19,December,2017
652,2017-12-20,20,December,2017
653,2017-12-21,21,December,2017
654,2017-12-22,22,December,2017
655,2017-12-23,23,December,2017
656,2017-12-24,24,December,2017
657,2017-12-25,25,December,2017
658,2017-12-26,26,December,2017
659,2017-12-27,27,December,2017
660,2017-12-28,28,December,2017
661,2017-12-29,29,December,2017
662,2017-12-30,30,December,2017
663,2017-12-31,31,December,2017
664,2018-01-01,1,January,2018
665,2018-01-02,2,January,2018
666,2018-01-03,3,January,2018
667,2018-01-04,4,January,2018
668,2018-01-05,5,January,2018
669,2018-01-06,6,January,2018
670,2018-01-07,7,January,2018
671,2018-01-08,8,January,2018
672,2018-01-09,9,January,2018
673,2018-01-10,10,January,2018
674,2018-01-11,11,January,2018
675,2018-01-12,12,January,2018
676,2018-01-13,13,January,2018
677,2018-01-14,14,January,2018
678,2018-01-15,15,January,2018
679,2018-01-16,16,January,2018
680,2018-01-17,17,January,2018
681,2018-01-18,18,January,2018
682,2018-01-19,19,January,2018
683,2018-01-20,20,January,2018
684,2018-01-21,21,January,2018
685,2018-01-22,22,January,2018
686,2018-01-23,23,January,2018
687,2018-01-24,24,January,2018
688,2018-01-25,25,January,2018
689,2018-01-26,26,January,2018
690,2018-01-27,27,January,2018
691,2018-01-28,28,January,2018
692,2018-01-29,29,January,2018
693,2018-01-30,30,January,2018
694,2018-01-31,31,January,2018
695,2018-02-01,1,February,2018
696,2018-02-02,2,February,2018
697,2018-02-03,3,February,2018
698,2018-02-04,4,February,2018
699,2018-02-05,5,February,2018
700,2018-02-06,6,February,2018
701,2018-02-07,7,February,2018
702,2018-02-08,8,February,2018
703,2018-02-09,9,February,2018
704,2018-02-10,10,February,2018
705,2018-02-11,11,February,2018
706,2018-02-12,12,February,2018
707,2018-02-13,13,February,2018
708,2018-02-14,14,February,2018
709,2018-02-15,15,February,2018
710,2018-02-16,16,February,2018
711,2018-02-17,17,February,2018
712,2018-02-18,18,February,2018
713,2018-02-19,19,February,2018
714,2018-02-20,20,February,2018
715,2018-02-21,21,February,2018
716,2018-02-22,22,February,2018
717,2018-02-23,23,February,2018
718,2018-02-24,24,February,2018
719,2018-02-25,25,February,2018
720,2018-02-26,26,February,2018
721,2018-02-27,27,February,2018
722,2018-02-28,28,February,2018
723,2018-03-01,1,March,2018
724,2018-03-02,2,March,2018
725,2018-03-03,3,March,2018
726,2018-03-04,4,March,2018
727,2018-03-05,5,March,2018
728,2018-03-06,6,March,2018
729,2018-03-07,7,March,2018
730,2018-03-08,8,March,2018
731,2018-03-09,9,March,2018
732,2018-03-10,10,March,2018
733,2018-03-11,11,March,2018
734,2018-03-12,12,March,2018
735,2018-03-13,13,March,2018
736,2018-03-14,14,March,2018
737,2018-03-15,15,March,2018
738,2018-03-16,16,March,2018
739,2018-03-17,17,March,2018
740,2018-03-18,18,March,2018
741,2018-03-19,19,March,2018
742,2018-03-20,20,March,2018
743,2018-03-21,21,March,2018
744,2018-03-22,22,March,2018
745,2018-03-23,23,March,2018
746,2018-03-24,24,March,2018
747,2018-03-25,25,March,2018
748,2018-03-26,26,March,2018
749,2018-03-27,27,March,2018
750,2018-03-28,28,March,2018
751,2018-03-29,29,March,2018
752,2018-03-30,30,March,2018
753,2018-03-31,31,March,2018
754,2018-04-01,1,April,2018
755,2018-04-02,2,April,2018
756,2018-04-03,3,April,2018
757,2018-04-04,4,April,2018
758,2018-04-05,5,April,2018
759,2018-04-06,6,April,2018
760,2018-04-07,7,April,2018
761,2018-04-08,8,April,2018
762,2018-04-09,9,April,2018
763,2018-04-10,10,April,2018
764,2018-04-11,11,April,2018
765,2018-04-12,12,April,2018
766,2018-04-13,13,April,2018
767,2018-04-14,14,April,2018
768,2018-04-15,15,April,2018
769,2018-04-16,16,April,2018
770,2018-04-17,17,April,2018
771,2018-04-18,18,April,2018
772,2018-04-19,19,April,2018
773,2018-04-20,20,April,2018
774,2018-04-21,21,April,2018
775,2018-04-22,22,April,2018
776,2018-04-23,23,April,2018
777,2018-04-24,24,April,2018
778,2018-04-25,25,April,2018
779,2018-04-26,26,April,2018
780,2018-04-27,27,April,2018
781,2018-04-28,28,April,2018
782,2018-04-29,29,April,2018
783,2018-04-30,30,April,2018
784,2018-05-01,1,May,2018
785,2018-05-02,2,May,2018
786,2018-05-03,3,May,2018
787,2018-05-04,4,May,2018
788,2018-05-05,5,May,2018
789,2018-05-06,6,May,2018
790,2018-05-07,7,May,2018
791,2018-05-08,8,May,2018
792,2018-05-09,9,May,2018
793,2018-05-10,10,May,2018
794,2018-05-11,11,May,2018
795,2018-05-12,12,May,2018
796,2018-05-13,13,May,2018
797,2018-05-14,14,May,2018
798,2018-05-15,15,May,2018
799,2018-05-16,16,May,2018
800,2018-05-17,17,May,2018
801,2018-05-18,18,May,2018
802,2018-05-19,19,May,2018
803,2018-05-20,20,May,2018
804,2018-05-21,21,May,2018
805,2018-05-22,22,May,2018
806,2018-05-23,23,May,2018
807,2018-05-24,24,May,2018
808,2018-05-25,25,May,2018
809,2018-05-26,26,May,2018
810,2018-05-27,27,May,2018
811,2018-05-28,28,May,2018
812,2018-05-29,29,May,2018
813,2018-05-30,30,May,2018
814,2018-05-31,31,May,2018
815,2018-06-01,1,June,2018
816,2018-06-02,2,June,2018
817,2018-06-03,3,June,2018
818,2018-06-04,4,June,2018
819,2018-06-05,5,June,2018
820,2018-06-06,6,June,2018
821,2018-06-07,7,June,2018
822,2018-06-08,8,June,2018
823,2018-06-09,9,June,2018
824,2018-06-10,10,June,2018
825,2018-06-11,11,June,2018
826,2018-06-12,12,June,2018
827,2018-06-13,13,June,2018
828,2018-06-14,14,June,2018
829,2018-06-15,15,June,2018
830,2018-06-16,16,June,2018
831,2018-06-17,17,June,2018
832,2018-06-18,18,June,2018
833,2018-06-19,19,June,2018
834,2018-06-20,20,June,2018
835,2018-06-21,21,June,2018
836,2018-06-22,22,June,2018
837,2018-06-23,23,June,2018
838,2018-06-24,24,June,2018
839,2018-06-25,25,June,2018
840,2018-06-26,26,June,2018
841,2018-06-27,27,June,2018
842,2018-06-28,28,June,2018
843,2018-06-29,29,June,2018
844,2018-06-30,30,June,2018
845,2018-07-01,1,July,2018
846,2018-07-02,2,July,2018
847,2018-07-03,3,July,2018
848,2018-07-04,4,July,2018
849,2018-07-05,5,July,2018
850,2018-07-06,6,July,2018
851,2018-07-07,7,July,2018
852,2018-07-08,8,July,2018
853,2018-07-09,9,July,2018
854,2018-07-10,10,July,2018
855,2018-07-11,11,July,2018
856,2018-07-12,12,July,2018
857,2018-07-13,13,July,2018
858,2018-07-14,14,July,2018
859,2018-07-15,15,July,2018
860,2018-07-16,16,July,2018
861,2018-07-17,17,July,2018
862,2018-07-18,18,July,2018
863,2018-07-19,19,July,2018
864,2018-07-20,20,July,2018
865,2018-07-21,21,July,2018
866,2018-07-22,22,July,2018
867,2018-07-23,23,July,2018
868,2018-07-24,24,July,2018
869,2018-07-25,25,July,2018
870,2018-07-26,26,July,2018
871,2018-07-27,27,July,2018
872,2018-07-28,28,July,2018
873,2018-07-29,29,July,2018
874,2018-07-30,30,July,2018
875,2018-07-31,31,July,2018
876,2018-08-01,1,August,2018
877,2018-08-02,2,August,2018
878,2018-08-03,3,August,2018
879,2018-08-04,4,August,2018
880,2018-08-05,5,August,2018
881,2018-08-06,6,August,2018
882,2018-08-07,7,August,2018
883,2018-08-08,8,August,2018
884,2018-08-09,9,August,2018
885,2018-08-10,10,August,2018
886,2018-08-11,11,August,2018
887,2018-08-12,12,August,2018
888,2018-08-13,13,August,2018
889,2018-08-14,14,August,2018
890,2018-08-15,15,August,2018
891,2018-08-16,16,August,2018
892,2018-08-17,17,August,2018
893,2018-08-18,18,August,2018
894,2018-08-19,19,August,2018
895,2018-08-20,20,August,2018
896,2018-08-21,21,August,2018
897,2018-08-22,22,August,2018
898,2018-08-23,23,August,2018
899,2018-08-24,24,August,2018
900,2018-08-25,25,August,2018
901,2018-08-26,26,August,2018
902,2018-08-27,27,August,2018
903,2018-08-28,28,August,2018
904,2018-08-29,29,August,2018
905,2018-08-30,30,August,2018
906,2018-08-31,31,August,2018
907,2018-09-01,1,September,2018
908,2018-09-02,2,September,2018
909,2018-09-03,3,September,2018
910,2018-09-04,4,September,2018
911,2018-09-05,5,September,2018
912,2018-09-06,6,September,2018
913,2018-09-07,7,September,2018
914,2018-09-08,8,September,2018
915,2018-09-09,9,September,2018
916,2018-09-10,10,September,2018
917,2018-09-11,11,September,2018
918,2018-09-12,12,September,2018
919,2018-09-13,13,September,2018
920,2018-09-14,14,September,2018
921,2018-09-15,15,September,2018
922,2018-09-16,16,September,2018
923,2018-09-17,17,September,2018
924,2018-09-18,18,September,2018
925,2018-09-19,19,September,2018
926,2018-09-20,20,September,2018
927,2018-09-21,21,September,2018
928,2018-09-22,22,September,2018
929,2018-09-23,23,September,2018
930,2018-09-24,24,September,2018
931,2018-09-25,25,September,2018
932,2018-09-26,26,September,2018
933,2018-09-27,27,September,2018
934,2018-09-28,28,September,2018
935,2018-09-29,29,September,2018
936,2018-09-30,30,September,2018
937,2018-10-01,1,October,2018
938,2018-10-02,2,October,2018
939,2018-10-03,3,October,2018
940,2018-10-04,4,October,2018
941,2018-10-05,5,October,2018
942,2018-10-06,6,October,2018
943,2018-10-07,7,October,2018
944,2018-10-08,8,October,2018
945,2018-10-09,9,October,2018
946,2018-10-10,10,October,2018
947,2018-10-11,11,October,2018
948,2018-10-12,12,October,2018
949,2018-10-13,13,October,2018
950,2018-10-14,14,October,2018
951,2018-10-15,15,October,2018
952,2018-10-16,16,October,2018
953,2018-10-17,17,October,2018
954,2018-10-18,18,October,2018
955,2018-10-19,19,October,2018
956,2018-10-20,20,October,2018
957,2018-10-21,21,October,2018
958,2018-10-22,22,October,2018
959,2018-10-23,23,October,2018
960,2018-10-24,24,October,2018
961,2018-10-25,25,October,2018
962,2018-10-26,26,October,2018
963,2018-10-27,27,October,2018
964,2018-10-28,28,October,2018
965,2018-10-29,29,October,2018
